1,true,andy@gmail.com,gibtskeine.jpg,Andy GmbH,0678787
2,false,kelmendialtinXX@gmail.com,gibtskeine.jpg,Altin Kelmendi,067761234567
3,true,bt@Aubert.com,gibtskeine.jpg,Aubert GmbH,06787815992447
4,false,donaroadway@gmail.com,gibtskeine.jpg,Dona Roadway,0696144567
5,false,h.melway@hotmail.com,gibtskeine.jpg,Hanna Melway,01522914567
6,false,lenow.a@hotmail.com,gibtskeine.jpg,Aaron Lenow,01522715914567
7,false,l.figo@hotmail.com,gibtskeine.jpg,Luis 'Figo,089625914567
